Date,AAPL.Open,AAPL.High,AAPL.Low,AAPL.Close,AAPL.Volume,AAPL.Adjusted,dn,mavg,up,direction
2015-02-17,127.489.998,128.880.005,126.919.998,127.830.002,63152400,122.905.254,1.067.410.523,1.179.276.669,1.291.142.814,Increasing
2015-02-18,127.629.997,128.779.999,127.449.997,128.720.001,44891700,123.760.965,107.842.423,1.189.403.335,1.300.382.439,Increasing
2015-02-19,128.479.996,129.029.999,128.330.002,128.449.997,37362400,123.501.363,1.088.942.449,1.198.891.668,1.308.840.887,Decreasing
2015-02-20,128.619.995,129.5,128.050.003,129.5,48948400,124.510.914,1.097.854.494,1.207.635.001,1.317.415.509,Increasing
2015-02-23,130.020.004,133,129.660.004,133,70974100,127.876.074,1.103.725.162,1.217.201.668,1.330.678.174,Increasing
2015-02-24,132.940.002,133.600.006,131.169.998,132.169.998,69228100,127.078.049,1.110.948.689,1.226.648.335,1.342.347.981,Decreasing
2015-02-25,131.559.998,131.600.006,128.149.994,128.789.993,74711700,123.828.261,1.132.119.183,1.236.296.667,1.340.474.151,Decreasing
2015-02-26,128.789.993,130.869.995,126.610.001,130.419.998,91287500,125.395.469,1.141.652.991,1.242.823.333,1.343.993.674,Increasing
2015-02-27,130,130.570.007,128.240.005,128.460.007,62014800,123.510.987,1.149.668.484,1.248.426.669,1.347.184.854,Decreasing
2015-03-02,129.25,130.279.999,128.300.003,129.089.996,48096700,124.116.706,1.158.770.904,1.254.036.668,1.349.302.432,Decreasing
2015-03-03,128.960.007,129.520.004,128.089.996,129.360.001,37816300,124.376.308,1.169.535.132,1.259.551.669,1.349.568.205,Increasing
2015-03-04,129.100.006,129.559.998,128.320.007,128.539.993,31666300,123.587.892,1.180.874.253,1.264.730.002,1.348.585.751,Decreasing
2015-03-05,128.580.002,128.75,125.760.002,126.410.004,56517100,121.539.962,1.191.048.311,126.848.667,1.345.925.029,Decreasing
2015-03-06,128.399.994,129.369.995,126.260.002,126.599.998,72842100,121.722.637,120.190.797,1.272.288.335,13.426.687,Decreasing
2015-03-09,127.959.999,129.570.007,125.059.998,127.139.999,88528500,122.241.834,1.216.289.771,127.631.167,1.336.333.568,Decreasing
2015-03-10,126.410.004,127.220.001,123.800.003,124.510.002,68856600,11.971.316,1.231.164.763,1.279.235.004,1.327.305.246,Decreasing
2015-03-11,124.75,124.769.997,122.110.001,122.239.998,68939000,117.530.609,123.592.756,1.280.033.337,1.324.139.113,Decreasing
2015-03-12,122.309.998,124.900.002,121.629.997,124.449.997,48362700,119.655.466,1.234.894.559,1.279.813.337,1.324.732.114,Increasing
2015-03-13,124.400.002,125.400.002,122.580.002,123.589.996,51827300,118.828.598,123.045.606,1.278.490.003,1.326.523.946,Decreasing
2015-03-16,123.879.997,124.949.997,122.870.003,124.949.997,35874300,120.136.203,1.226.967.016,1.277.283.335,1.327.599.655,Increasing
2015-03-17,125.900.002,127.32,125.650.002,127.040.001,51023100,122.145.688,122.616.033,1.276.680.002,1.327.199.674,Increasing
2015-03-18,127,129.160.004,126.370.003,128.470.001,65270900,123.520.597,1.226.064.498,127.652.167,1.326.978.842,Increasing
2015-03-19,128.75,129.25,127.400.002,127.5,45809500,122.587.966,1.225.939.029,1.276.245.004,1.326.550.979,Decreasing
2015-03-20,128.25,128.399.994,125.160.004,125.900.002,68695100,121.049.608,1.224.865.925,1.274.980.004,1.325.094.083,Decreasing
2015-03-23,127.120.003,127.849.998,126.519.997,127.209.999,37709700,122.309.137,1.226.741.703,1.272.633.335,1.318.524.968,Increasing
2015-03-24,127.230.003,128.039.993,126.559.998,126.690.002,32842300,121.809.174,1.230.410.183,1.270.025.001,1.309.639.818,Decreasing
2015-03-25,126.540.001,126.82,123.379.997,123.379.997,51655200,118.626.689,1.228.276.392,1.267.531.667,1.306.786.943,Decreasing
2015-03-26,122.760.002,124.879.997,122.599.998,124.239.998,47572900,119.453.558,1.225.538.523,1.264.835.001,1.304.131.478,Increasing
2015-03-27,124.57,124.699.997,122.910.004,123.25,39546200,1.185.017,1.222.826.504,1.262.099.998,1.301.373.491,Decreasing
2015-03-30,124.050.003,126.400.002,124,126.370.003,47099700,121.501.502,122.346.906,1.260.283.332,1.297.097.604,Increasing
2015-03-31,126.089.996,126.489.998,124.360.001,124.43,42090600,11.963.624,122.395.242,1.258.334.998,1.292.717.577,Decreasing
2015-04-01,124.82,125.120.003,123.099.998,124.25,40621400,119.463.174,1.223.761.274,1.256.009.999,1.288.258.723,Decreasing
2015-04-02,125.029.999,125.559.998,124.190.002,125.32,32220100,120.491.951,1.223.330.336,1.255.034.998,128.673.966,Increasing
2015-04-06,124.470.001,127.510.002,124.330.002,127.349.998,37194000,122.443.743,122.374.816,1.254.528.332,1.285.308.505,Increasing
2015-04-07,127.639.999,128.119.995,125.980.003,126.010.002,35012300,121.155.371,1.224.030.622,1.254.251.665,1.284.472.708,Decreasing
2015-04-08,125.849.998,126.400.002,124.970.001,125.599.998,37329200,120.761.163,1.224.277.133,1.254.491.664,1.284.706.195,Decreasing
2015-04-09,125.849.998,126.580.002,124.660.004,126.559.998,32484000,121.684.177,1.227.775.359,1.255.938.332,1.284.101.305,Increasing
2015-04-10,125.949.997,127.209.999,125.260.002,127.099.998,40188000,122.203.374,1.230.398.914,1.257.369.999,1.284.341.085,Increasing
2015-04-13,128.369.995,128.570.007,126.610.001,126.849.998,36365100,121.963.006,123.272.819,1.259.113.334,1.285.498.477,Decreasing
2015-04-14,127,127.290.001,125.910.004,126.300.003,25524600,121.434.199,123.487.134,1.260.235.002,1.285.598.665,Decreasing
2015-04-15,126.410.004,127.129.997,126.010.002,126.779.999,28970400,121.895.703,1.234.871.301,1.260.220.001,1.285.568.702,Increasing
2015-04-16,126.279.999,127.099.998,126.110.001,126.169.998,28369000,121.309.203,1.235.664.037,125.945,1.283.235.962,Decreasing
2015-04-17,125.550.003,126.139.999,124.459.999,124.75,51957000,119.943.911,1.236.022.692,1.257.983.332,1.279.943.973,Decreasing
2015-04-20,125.57,128.119.995,125.169.998,127.599.998,47054300,122.684.112,1.235.867.451,1.258.221.664,1.280.575.877,Increasing
2015-04-21,128.100.006,128.199.997,126.669.998,126.910.004,32435100,122.020.699,1.235.817.266,1.258.254.998,128.069.273,Decreasing
2015-04-22,126.989.998,128.869.995,126.32,128.619.995,37654500,123.664.812,1.235.019.782,1.258.674.998,1.282.330.214,Increasing
2015-04-23,128.300.003,130.419.998,128.139.999,129.669.998,45770900,124.674.363,1.233.716.821,1.261.116.665,1.288.516.508,Increasing
2015-04-24,130.490.005,130.630.005,129.229.996,130.279.999,44525900,125.260.863,1.233.764.705,1.264.186.666,1.294.608.626,Decreasing
2015-04-27,132.309.998,133.130.005,131.149.994,132.649.994,96954200,127.539.552,123.128.271,1.268.531.664,1.305.780.619,Increasing
2015-04-28,134.460.007,134.539.993,129.570.007,130.559.998,118924000,125.530.074,1.229.533.691,1.271.514.997,1.313.496.302,Decreasing
2015-04-29,130.160.004,131.589.996,128.300.003,128.639.999,63386100,123.684.046,123.165.847,127.372.333,131.578.819,Decreasing
2015-04-30,128.639.999,128.639.999,124.580.002,125.150.002,83195400,120.328.503,1.234.832.179,1.274.706.663,1.314.581.147,Decreasing
2015-05-01,126.099.998,130.130.005,125.300.003,128.949.997,58512600,1.239.821,1.237.928.685,1.276.258.331,1.314.587.977,Increasing
2015-05-04,129.5,130.570.007,128.259.995,128.699.997,50988300,123.741.732,1.239.186.426,127.764.833,1.316.110.235,Decreasing
2015-05-05,128.149.994,128.449.997,125.779.999,125.800.003,49271400,120.953.462,12.391.582,1.277.634.997,1.316.111.794,Decreasing
2015-05-06,126.559.998,126.75,123.360.001,125.010.002,72141000,120.193.897,1.238.088.193,1.277.326.664,1.316.565.135,Decreasing
2015-05-07,124.769.997,126.080.002,124.019.997,125.260.002,43940900,12.093.733,1.236.785.663,1.276.919.997,131.705.433,Increasing
2015-05-08,126.68,127.620.003,126.110.001,127.620.003,55550400,123.215.888,1.237.345.408,1.277.216.665,1.317.087.922,Increasing
2015-05-11,127.389.999,127.559.998,125.629.997,126.32,42035800,121.960.747,1.236.599.205,1.276.796.663,1.316.994.121,Decreasing
2015-05-12,125.599.998,126.879.997,124.82,125.870.003,48160000,121.526.279,1.235.804.905,1.276.474.995,1.317.145.084,Increasing
2015-05-13,126.150.002,127.190.002,125.870.003,126.010.002,34694200,121.661.447,1.235.504.423,127.633.333,1.317.162.236,Decreasing
2015-05-14,127.410.004,128.949.997,127.160.004,128.949.997,45203500,124.499.984,1.236.706.007,1.277.279.997,1.317.853.986,Increasing
2015-05-15,129.070.007,129.490.005,128.210.007,128.770.004,38208000,124.326.203,1.240.144.574,1.279.133.333,1.318.122.092,Decreasing
2015-05-18,128.380.005,130.720.001,128.360.001,130.190.002,50882900,125.697.198,124.100.497,1.280.530.002,1.320.055.033,Increasing
2015-05-19,130.690.002,130.880.005,129.639.999,130.070.007,44633200,125.581.344,1.241.588.765,1.281.998.337,1.322.407.909,Decreasing
2015-05-20,130,130.979.996,129.339.996,130.059.998,36454900,125.571.679,1.241.850.087,1.283.093.337,1.324.336.587,Increasing
2015-05-21,130.070.007,131.630.005,129.830.002,131.389.999,39730400,126.855.783,1.241.273.816,1.283.863.339,1.326.452.861,Increasing
2015-05-22,131.600.006,132.970.001,131.399.994,132.539.993,45596000,127.966.091,1.239.598.963,128.499.167,1.330.384.377,Increasing
2015-05-26,132.600.006,132.910.004,129.119.995,129.619.995,70697600,125.146.861,1.241.087.609,128.411.167,1.327.135.731,Decreasing
2015-05-27,130.339.996,132.259.995,130.050.003,132.039.993,45833200,127.483.346,1.241.188.009,1.284.058.336,1.326.928.663,Increasing
2015-05-28,131.860.001,131.949.997,131.100.006,131.779.999,30733300,127.232.324,1.240.226.213,1.285.108.337,132.999.046,Decreasing
2015-05-29,131.229.996,131.449.997,129.899.994,130.279.999,50884500,125.784.088,124.300.709,1.287.318.334,1.331.629.579,Decreasing
2015-06-01,130.279.999,131.389.999,130.050.003,130.539.993,32112800,12.603.511,1.243.594.994,1.288.584.999,1.333.575.004,Increasing
2015-06-02,129.860.001,130.660.004,129.320.007,129.960.007,33667600,125.475.139,1.243.747.459,1.288.986.669,1.334.225.879,Increasing
2015-06-03,130.660.004,130.940.002,129.899.994,130.119.995,30889400,125.629.606,1.246.367.699,1.290.808.335,133.524.897,Decreasing
2015-06-04,129.580.002,130.580.002,128.910.004,129.360.001,38450100,124.895.839,1.252.683.798,1.293.096.669,1.333.509.539,Decreasing
2015-06-05,129.5,129.690.002,128.360.001,128.649.994,35626800,124.210.334,1.259.332.746,1.294.986.668,133.064.059,Decreasing
2015-06-08,128.899.994,129.210.007,126.830.002,127.800.003,52674800,123.389.676,1.260.685.551,1.295.401.669,1.330.117.786,Decreasing
2015-06-09,126.699.997,128.080.002,125.620.003,127.419.998,56075400,123.022.785,1.261.824.915,1.295.670.003,1.329.515.092,Increasing
2015-06-10,127.919.998,129.339.996,127.849.998,128.880.005,39087300,124.432.408,1.267.463.818,129.708.667,1.326.709.521,Increasing
2015-06-11,129.179.993,130.179.993,128.479.996,128.589.996,35390900,124.152.407,1.272.892.578,129.845,1.324.007.421,Decreasing
2015-06-12,128.190.002,128.330.002,127.110.001,127.169.998,36886200,122.781.413,127.131.001,1.298.041.667,1.324.773.323,Decreasing
2015-06-15,126.099.998,127.239.998,125.709.999,126.919.998,43988900,12.254.004,1.267.060.981,1.296.941.663,1.326.822.346,Increasing
2015-06-16,127.029.999,127.849.998,126.370.003,127.599.998,31494100,123.196.574,1.264.016.896,1.295.699.996,1.327.383.095,Increasing
2015-06-17,127.720.001,127.879.997,126.739.998,127.300.003,32918100,122.906.931,1.261.238.847,1.294.254.994,132.727.114,Decreasing
2015-06-18,127.230.003,128.309.998,127.220.001,127.879.997,35407200,12.346.691,1.259.515.598,1.293.093.328,1.326.671.058,Increasing
2015-06-19,127.709.999,127.82,126.400.002,126.599.998,54716900,122.231.083,1.256.885.656,1.291.088.327,1.325.290.998,Decreasing
2015-06-22,127.489.998,128.059.998,127.080.002,127.610.001,34039300,123.206.231,1.257.264.205,1.288.728.329,1.320.192.453,Increasing
2015-06-23,127.480.003,127.610.001,126.879.997,127.029.999,30268900,122.646.244,1.255.733.485,1.287.039.996,1.318.346.507,Decreasing
2015-06-24,127.209.999,129.800.003,127.120.003,128.110.001,55280900,123.688.976,1.256.811.976,1.285.486.666,1.314.161.355,Increasing
2015-06-25,128.860.001,129.199.997,127.5,127.5,31938100,123.100.026,1.258.677.152,1.283.714.998,1.308.752.844,Decreasing
2015-06-26,127.669.998,127.989.998,126.510.002,126.75,44066800,122.375.908,1.258.452.624,1.281.985,1.305.517.375,Decreasing
2015-06-29,125.459.999,126.470.001,124.480.003,124.529.999,49161400,120.232.518,1.255.007.067,1.279.235.001,1.303.462.935,Decreasing
2015-06-30,125.57,126.120.003,124.860.001,125.43,44370700,121.101.461,1.252.434.909,1.276.979.999,1.301.525.088,Decreasing
2015-07-01,126.900.002,126.940.002,125.989.998,126.599.998,30238800,122.231.083,125.319.636,1.275.075,1.296.953.639,Decreasing
2015-07-02,126.43,126.690.002,125.769.997,126.440.002,27211000,122.076.609,1.253.221.027,1.273.416.666,1.293.612.304,Increasing
2015-07-06,124.940.002,126.230.003,124.849.998,126,28060400,12.165.179,125.172.968,1.271.813.333,1.291.896.986,Increasing
2015-07-07,125.889.999,126.150.002,123.769.997,125.690.002,46946800,121.352.491,1.248.939.059,1.270.441.664,129.194.427,Decreasing
2015-07-08,124.480.003,124.639.999,122.540.001,122.57,60761600,118.340.158,1.241.418.974,1.268.546.664,1.295.674.354,Decreasing
2015-07-09,123.849.998,124.059.998,119.220.001,120.07,77821600,115.926.432,1.229.127.426,1.264.759.997,1.300.392.568,Decreasing
2015-07-10,121.940.002,123.849.998,121.209.999,123.279.999,61354500,119.025.655,1.224.632.754,1.261.608.332,1.298.583.911,Increasing
2015-07-13,125.029.999,125.760.002,124.32,125.660.004,41440500,121.323.527,1.223.846.331,1.260.463.333,1.297.080.335,Increasing
2015-07-14,126.040.001,126.370.003,125.040.001,125.610.001,31768100,12.127.525,122.343.664,1.259.988.335,1.296.540.029,Decreasing
2015-07-15,125.720.001,127.150.002,125.580.002,126.82,33649200,122.443.492,1.223.439.159,1.259.610.002,1.295.780.846,Increasing
2015-07-16,127.739.998,128.570.007,127.349.998,128.509.995,36222400,124.075.166,1.223.059.902,1.260.028.336,129.699.677,Increasing
2015-07-17,129.080.002,129.619.995,128.309.998,129.619.995,46164700,125.146.861,1.221.959.647,1.260.718.335,1.299.477.023,Increasing
2015-07-20,130.970.001,132.970.001,130.699.997,132.070.007,58900200,127.512.324,1.216.892.041,1.263.205.002,1.309.517.963,Increasing
2015-07-21,132.850.006,132.919.998,130.320.007,130.75,76756400,12.623.787,1.214.079.709,1.265.078.336,1.316.076.963,Decreasing
2015-07-22,121.989.998,125.5,121.989.998,125.220.001,115450600,120.898.709,1.211.778.138,1.263.610.003,1.315.441.868,Increasing
2015-07-23,126.199.997,127.089.996,125.059.998,125.160.004,50999500,120.840.782,1.211.251.692,1.262.323.335,1.313.394.978,Decreasing
2015-07-24,125.32,125.739.998,123.900.002,124.5,42162300,120.203.555,120.989.315,1.260.646.669,1.311.400.187,Decreasing
2015-07-27,123.089.996,123.610.001,122.120.003,122.769.997,44455500,118.533.253,1.206.120.011,1.258.521.669,1.310.923.327,Decreasing
2015-07-28,123.379.997,123.910.004,122.550.003,123.379.997,33618100,119.122.203,1.204.054.683,1.257.581.669,1.311.108.655,Increasing
2015-07-29,123.150.002,123.5,122.269.997,122.989.998,37011700,118.745.662,1.201.369.622,1.256.306.668,1.311.243.713,Decreasing
2015-07-30,122.32,122.57,121.709.999,122.370.003,33628300,118.147.063,1.197.438.845,1.254.160.002,1.310.881.158,Increasing
2015-07-31,122.599.998,122.639.999,120.910.004,121.300.003,42885000,117.113.989,1.192.924.998,1.251.818.336,1.310.711.674,Decreasing
2015-08-03,121.5,122.57,117.519.997,118.440.002,69976000,114.352.685,1.184.943.027,1.248.726.669,1.312.510.311,Decreasing
2015-08-04,117.419.998,117.699.997,113.25,114.639.999,124138600,110.683.819,1.167.313.042,1.243.723.335,1.320.133.628,Decreasing
2015-08-05,112.949.997,117.440.002,112.099.998,115.400.002,99312600,111.417.594,1.152.932.316,1.239.588.335,1.326.244.354,Increasing
2015-08-06,115.970.001,116.5,114.120.003,115.129.997,52903000,11.166.005,1.142.686.043,1.236.655.002,1.330.623.961,Decreasing
2015-08-07,114.580.002,116.25,114.5,115.519.997,38670400,112.038.295,1.132.383.284,1.232.976.669,1.333.570.053,Increasing
2015-08-10,116.529.999,119.989.998,116.529.999,119.720.001,54951600,116.111.714,1.127.672.569,1.229.726.667,1.331.780.766,Increasing
2015-08-11,117.809.998,118.18,113.330.002,113.489.998,97082800,110.069.479,1.117.495.121,122.439,1.331.284.878,Decreasing
2015-08-12,112.529.999,115.419.998,109.629.997,115.239.998,101217500,111.766.735,1.105.837.964,1.217.846.665,1.329.855.365,Increasing
2015-08-13,116.040.001,116.400.002,114.540.001,115.150.002,48535800,111.679.451,1.100.107.495,1.211.456.666,1.322.805.836,Decreasing
2015-08-14,114.32,116.309.998,114.010.002,115.959.999,42929500,112.465.036,1.097.007.656,1.204.578.334,1.312.149.012,Increasing
2015-08-17,116.040.001,117.650.002,115.5,117.160.004,40884700,113.628.873,1.102.193.367,1.197.006.668,1.291.819.968,Increasing
2015-08-18,116.43,117.440.002,116.010.002,116.5,34560700,112.988.761,111.057.582,1.189.666.667,1.268.757.514,Increasing
2015-08-19,116.099.998,116.519.997,114.68,115.010.002,47445700,111.543.671,1.108.596.081,1.185.250.001,126.190.392,Decreasing
2015-08-20,114.080.002,114.349.998,111.629.997,112.650.002,68501600,1.092.548,1.106.016.943,1.178.803.334,1.251.589.724,Decreasing
2015-08-21,110.43,111.900.002,105.650.002,105.760.002,128275500,102.572.461,1.092.092.545,1.170.331.668,1.248.570.791,Decreasing
2015-08-24,94.870.003,108.800.003,92,103.120.003,162206300,100.012.029,1.059.911.026,1.159.568.336,1.259.225.645,Increasing
2015-08-25,111.110.001,111.110.001,103.5,103.739.998,103601600,100.613.338,1.048.512.275,1.150.986.668,1.253.461.062,Decreasing
2015-08-26,107.089.996,109.889.999,105.050.003,109.690.002,96774600,106.384.013,1.043.580.548,114.363.167,1.243.682.792,Increasing
2015-08-27,112.230.003,113.239.998,110.019.997,112.919.998,84616100,109.516.659,1.044.853.754,1.138.553.335,1.232.252.916,Increasing
2015-08-28,112.169.998,113.309.998,111.540.001,113.290.001,53164400,10.987.551,1.047.374.169,1.134.101.667,1.220.829.165,Increasing
2015-08-31,112.029.999,114.529.999,112,112.760.002,56229300,109.361.485,1.048.807.642,1.130.895.001,121.298.236,Increasing
2015-09-01,110.150.002,111.879.997,107.360.001,107.720.001,76845900,104.473.386,1.044.437.543,1.127.790.001,121.114.246,Decreasing
2015-09-02,110.230.003,112.339.996,109.129.997,112.339.996,61888800,108.954.138,1.042.974.032,1.125.934.999,1.208.895.966,Increasing
2015-09-03,112.489.998,112.779.999,110.040.001,110.370.003,53233900,107.043.519,1.041.557.511,1.123.841.666,1.206.125.821,Decreasing
2015-09-04,108.970.001,110.449.997,108.510.002,109.269.997,49996300,105.976.666,1.038.818.508,1.120.835,1.202.851.491,Increasing
2015-09-08,111.75,112.559.998,110.32,112.309.998,54843600,108.925.043,1.041.221.378,1.117.326.666,1.193.431.954,Increasing
2015-09-09,113.760.002,114.019.997,109.769.997,110.150.002,85010800,106.830.148,1.040.861.412,1.115.483.332,1.190.105.251,Decreasing
2015-09-10,110.269.997,113.279.999,109.900.002,112.57,62892800,109.177.209,1.040.577.891,1.114.726.667,1.188.875.442,Increasing
2015-09-11,111.790.001,114.209.999,111.760.002,114.209.999,49915500,11.076.778,1.041.180.015,1.113.741.666,1.186.303.316,Increasing
2015-09-14,116.580.002,116.889.999,114.860.001,115.309.998,58363400,111.834.625,1.041.011.364,1.113.871.666,1.186.731.967,Decreasing
2015-09-15,115.93,116.529.999,114.419.998,116.279.999,43341200,112.775.391,1.041.890.893,1.113.358.331,1.184.825.768,Increasing
2015-09-16,116.25,116.540.001,115.440.002,116.410.004,37173500,112.901.478,1.042.372.114,1.113.098.331,1.183.824.548,Increasing
2015-09-17,115.660.004,116.489.998,113.720.001,113.919.998,64112600,110.486.519,1.042.767.346,1.112.751.664,1.182.735.982,Decreasing
2015-09-18,112.209.999,114.300.003,111.870.003,113.449.997,74285300,110.030.684,1.042.766.727,1.112.916.665,1.183.066.603,Increasing
2015-09-21,113.669.998,115.370.003,113.660.004,115.209.999,50222000,11.173.764,104.666.951,1.116.404.998,1.186.140.487,Increasing
2015-09-22,113.379.997,114.18,112.519.997,113.400.002,50346200,109.982.195,1.071.040.188,1.122.434.997,1.173.829.807,Increasing
2015-09-23,113.629.997,114.720.001,113.300.003,114.32,35756700,110.874.465,1.082.882.859,1.126.433.331,1.169.983.804,Increasing
2015-09-24,113.25,115.5,112.370.003,115,50219500,111.533.971,1.090.475.652,1.129.473.331,116.847.101,Increasing
2015-09-25,116.440.002,116.690.002,114.019.997,114.709.999,56151900,11.125.271,1.091.116.704,1.131.013.332,117.090.996,Decreasing
2015-09-28,113.849.998,114.57,112.440.002,112.440.002,52109000,10.905.113,1.091.374.587,1.131.231.666,1.171.088.745,Decreasing
2015-09-29,112.830.002,113.510.002,107.860.001,109.059.998,73365400,105.772.996,1.087.833.184,1.129.754.999,1.171.676.815,Decreasing
2015-09-30,110.169.998,111.540.001,108.730.003,110.300.003,66473000,106.975.629,1.090.444.831,1.130.356.667,1.170.268.504,Increasing
2015-10-01,109.07,109.620.003,107.309.998,109.580.002,63929100,106.277.328,1.085.812.026,1.129.140.003,117.246.798,Increasing
2015-10-02,108.010.002,111.010.002,107.550.003,110.379.997,58019800,107.053.212,1.083.483.737,112.843.167,1.173.379.602,Increasing
2015-10-05,109.879.997,111.370.003,109.07,110.779.999,52064700,107.441.158,1.085.314.398,1.128.930.004,1.172.545.609,Increasing
2015-10-06,110.629.997,111.739.998,109.769.997,111.309.998,48196800,107.955.183,1.084.365.671,1.128.535.003,1.172.704.335,Increasing
2015-10-07,111.739.998,111.769.997,109.410.004,110.779.999,46765600,107.441.158,1.083.485.136,1.128.205.004,1.172.924.872,Decreasing
2015-10-08,110.190.002,110.190.002,108.209.999,109.5,61979600,106.199.737,1.079.731.432,1.126.896.671,117.406.191,Decreasing
2015-10-09,110,112.279.999,109.489.998,112.120.003,52766100,108.740.775,1.078.423.978,1.125.848.337,1.173.272.697,Increasing
2015-10-12,112.730.003,112.75,111.440.002,111.599.998,30467200,108.236.443,1.078.680.865,1.123.970.004,1.169.259.144,Decreasing
2015-10-13,110.82,112.449.997,110.68,111.790.001,33049300,108.420.719,1.079.236.127,1.121.918.338,1.164.600.549,Increasing
2015-10-14,111.290.001,111.519.997,109.559.998,110.209.999,44462400,106.888.337,1.079.810.483,1.119.068.336,1.158.326.188,Decreasing
2015-10-15,110.93,112.099.998,110.489.998,111.860.001,37673500,108.488.609,1.080.344.358,1.117.455.003,1.154.565.647,Increasing
2015-10-16,111.779.999,112,110.529.999,111.040.001,39232600,107.693.323,1.079.887.068,1.116.446.669,1.153.006.269,Decreasing
2015-10-19,110.800.003,111.75,110.110.001,111.730.003,29759200,10.836.253,1.080.973.483,1.114.671.668,1.148.369.853,Increasing
2015-10-20,111.339.996,114.169.998,110.82,113.769.997,48778800,110.341.039,1.081.200.469,1.114.448.334,11.476.962,Increasing
2015-10-21,114,115.580.002,113.699.997,113.760.002,41795200,110.331.345,1.080.929.292,1.114.565.001,1.148.200.709,Decreasing
2015-10-22,114.330.002,115.5,114.099.998,115.5,41654100,112.018.901,1.079.920.835,1.114.936.666,1.149.952.498,Increasing
2015-10-23,116.699.997,119.230.003,116.330.002,119.080.002,59366900,115.491.004,107.341.724,1.116.473.335,1.159.529.429,Increasing
2015-10-26,118.080.002,118.129.997,114.919.998,115.279.999,66333800,11.180.553,1.071.068.229,1.117.953.333,1.164.838.437,Decreasing
2015-10-27,115.400.002,116.540.001,113.989.998,114.550.003,69884400,111.097.536,1.072.139.281,1.120.395,1.168.650.718,Decreasing
2015-10-28,116.93,119.300.003,116.059.998,119.269.997,85551400,115.675.272,1.070.023.178,1.124.404.998,1.178.786.819,Increasing
2015-10-29,118.699.997,120.690.002,118.269.997,120.529.999,51227300,116.897.299,1.069.330.458,1.129.901.664,119.047.287,Increasing
2015-10-30,120.989.998,121.220.001,119.449.997,119.5,49365300,115.898.343,1.069.261.151,1.135.106.663,1.200.952.176,Decreasing
2015-11-02,120.800.003,121.360.001,119.610.001,121.18,32203300,117.527.709,1.069.021.448,1.140.261.663,1.211.501.879,Increasing
2015-11-03,120.790.001,123.489.998,120.699.997,122.57,45519000,118.875.815,10.677.492,114.591.833,1.224.087.461,Increasing
2015-11-04,123.129.997,123.82,121.620.003,122,44886100,118.322.995,1.068.736.711,1.151.831.664,1.234.926.617,Decreasing
2015-11-05,121.849.998,122.690.002,120.18,120.919.998,39552700,117.777.553,1.075.297.965,1.157.813.331,1.240.328.696,Decreasing
2015-11-06,121.110.001,121.809.998,120.620.003,121.059.998,33042300,117.913.914,1.079.749.626,1.162.746.664,1.245.743.702,Decreasing
2015-11-09,120.959.999,121.809.998,120.050.003,120.57,33871400,11.743.665,1.084.461.115,1.167.186.664,1.249.912.213,Decreasing
2015-11-10,116.900.002,118.07,116.059.998,116.769.997,59127900,113.735.401,1.090.474.207,1.169.849.997,1.249.225.786,Decreasing
2015-11-11,116.370.003,117.419.998,115.209.999,116.110.001,45218000,113.092.557,1.099.149.744,1.172.758.331,1.246.366.918,Decreasing
2015-11-12,116.260.002,116.82,115.650.002,115.720.001,32525600,112.712.693,110.608.755,1.175.048.332,1.244.009.114,Decreasing
2015-11-13,115.199.997,115.57,112.269.997,112.339.996,45812400,109.420.527,1.110.642.124,1.176.149.997,1.241.657.871,Decreasing
2015-11-16,111.379.997,114.239.998,111,114.18,38106700,111.212.713,1.114.959.634,1.177.121.663,1.239.283.692,Increasing
2015-11-17,114.919.998,115.050.003,113.32,113.690.002,27616900,110.735.449,1.117.039.561,1.177.671.665,1.238.303.768,Decreasing
2015-11-18,115.760.002,117.489.998,115.5,117.290.001,46674700,114.241.891,1.120.084.461,1.178.878.331,1.237.672.201,Increasing
2015-11-19,117.639.999,119.75,116.760.002,118.779.999,43295800,115.693.167,1.123.234.732,1.180.576.665,1.237.918.598,Increasing
2015-11-20,119.199.997,119.919.998,118.849.998,119.300.003,34287100,116.199.658,1.123.528.426,118.114.833,1.238.768.235,Increasing
2015-11-23,119.269.997,119.730.003,117.339.996,117.75,32482500,114.689.936,1.125.348.643,1.182.229.998,1.239.111.353,Decreasing
2015-11-24,117.330.002,119.349.998,117.120.003,118.879.997,42803200,115.790.567,1.128.982.869,1.183.941.664,1.238.900.458,Increasing
2015-11-25,119.209.999,119.230.003,117.919.998,118.029.999,21388300,114.962.658,1.129.081.014,1.184.033.331,1.238.985.648,Decreasing
2015-11-27,118.290.001,118.410.004,117.599.998,117.809.998,13046400,114.748.374,1.128.501.052,1.183.088.331,123.767.561,Decreasing
2015-11-30,117.989.998,119.410.004,117.75,118.300.003,39180300,115.225.646,1.128.295.552,1.182.303.333,1.236.311.113,Increasing
2015-12-01,118.75,118.809.998,116.860.001,117.339.996,34852400,114.290.588,112.795.765,1.180.779.998,1.233.602.346,Decreasing
2015-12-02,117.339.996,118.110.001,116.080.002,116.279.999,33386600,113.258.137,112.863.291,1.178.064.999,1.227.497.088,Decreasing
2015-12-03,116.550.003,116.790.001,114.220.001,115.199.997,41569500,112.206.202,1.129.006.075,1.174.526.665,1.220.047.255,Decreasing
2015-12-04,115.290.001,119.25,115.110.001,119.029.999,57777000,115.936.671,1.130.697.614,1.172.793.332,121.488.905,Increasing
2015-12-07,118.980.003,119.860.001,117.809.998,118.279.999,32084200,115.206.161,1.132.786.207,1.171.536.665,1.210.287.123,Decreasing
2015-12-08,117.519.997,118.599.998,116.860.001,118.230.003,34309500,115.157.465,1.134.912.172,1.170.079.999,1.205.247.825,Increasing
2015-12-09,117.639.999,117.690.002,115.080.002,115.620.003,46361400,112.615.293,1.134.285.695,1.169.661.667,1.205.037.639,Decreasing
2015-12-10,116.040.001,116.940.002,115.510.002,116.169.998,29104200,113.150.995,1.134.249,1.169.641.668,1.205.034.336,Increasing
2015-12-11,115.190.002,115.389.999,112.849.998,113.18,46886200,110.238.701,1.130.688.544,1.168.513.334,1.206.338.123,Decreasing
2015-12-14,112.18,112.68,109.790.001,112.480.003,64318700,109.556.895,1.126.053.245,1.167.641.669,1.209.230.092,Increasing
2015-12-15,111.940.002,112.800.003,110.349.998,110.489.998,53323100,107.618.605,1.121.077.587,1.166.678.336,1.212.279.084,Decreasing
2015-12-16,111.07,111.989.998,108.800.003,111.339.996,56238500,108.446.514,1.113.660.237,1.165.023.334,1.216.386.431,Increasing
2015-12-17,112.019.997,112.25,108.980.003,108.980.003,44772800,106.147.852,1.103.201.147,1.161.678.335,1.220.155.524,Decreasing
2015-12-18,108.910.004,109.519.997,105.809.998,106.029.999,96453300,103.274.512,1.086.549.713,1.156.023.334,1.225.496.955,Decreasing
2015-12-21,107.279.999,107.370.003,105.57,107.330.002,47590600,104.540.731,107.258.165,1.149.723.335,122.686.502,Increasing
2015-12-22,107.400.002,107.720.001,106.449.997,107.230.003,32789400,104.443.331,1.061.462.306,1.144.153.336,1.226.844.365,Decreasing
2015-12-23,107.269.997,108.849.998,107.199.997,108.610.001,32657400,105.787.465,1.054.331.627,1.139.038.335,1.223.745.043,Increasing
2015-12-24,109,109,107.949.997,108.029.999,13570400,105.222.536,1.048.606.684,1.134.005.001,1.219.403.318,Decreasing
2015-12-28,107.589.996,107.690.002,106.18,106.82,26704200,104.043.982,1.041.277.985,1.128.483.335,1.215.688.684,Decreasing
2015-12-29,106.959.999,109.43,106.860.001,108.739.998,30931200,105.914.084,1.038.135.822,1.123.411.667,1.208.687.512,Increasing
2015-12-30,108.580.002,108.699.997,107.18,107.32,25213800,104.530.989,1.034.598.559,1.118.443.334,1.202.288.108,Decreasing
2015-12-31,107.010.002,107.029.999,104.82,105.260.002,40635300,102.524.526,1.028.238.662,1.112.883.334,1.197.528.005,Decreasing
2016-01-04,102.610.001,105.370.003,102,105.349.998,67649400,102.612.183,1.019.580.427,1.107.301.667,1.195.022.907,Increasing
2016-01-05,105.75,105.849.998,102.410.004,102.709.999,55791000,100.040.792,1.013.646.127,1.100.231.668,1.186.817.208,Decreasing
2016-01-06,100.559.998,102.370.003,99.870.003,100.699.997,68457400,98.083.025,1.005.769.808,1.091.396.668,1.177.023.529,Increasing
2016-01-07,98.68,100.129.997,96.43,96.449.997,81094400,93.943.473,9.917.277.311,1.081.283.334,1.170.838.936,Decreasing
2016-01-08,98.550.003,99.110.001,96.760.002,96.959.999,70798000,94.440.222,979.236.546,1.072.023.333,116.481.012,Decreasing
2016-01-11,98.970.001,99.059.998,97.339.996,98.529.999,49739400,9.596.942,9.722.509.425,1.063.074.998,1.153.899.053,Decreasing
2016-01-12,100.550.003,100.690.002,98.839.996,99.959.999,49154200,97.362.258,9.679.499.958,1.056.086.665,1.144.223.334,Decreasing
2016-01-13,100.32,101.190.002,97.300.003,97.389.999,62439600,94.859.047,961.011.593,1.049.574.998,1.138.138.403,Decreasing
2016-01-14,97.959.999,100.480.003,95.739.998,99.519.997,63170100,9.693.369,9.554.254.396,1.043.258.331,1.131.091.223,Increasing
2016-01-15,96.199.997,97.709.999,95.360.001,97.129.997,79010000,94.605.802,9.476.300.547,1.036.269.998,1.124.909.941,Increasing
2016-01-19,98.410.004,98.650.002,95.5,96.660.004,53087700,94.148.022,9.416.719.724,1.029.703.331,111.773.469,Decreasing
2016-01-20,95.099.998,98.190.002,93.419.998,96.790.001,72334400,94.274.641,9.335.495.876,1.024.209.999,111.487.041,Increasing
2016-01-21,97.059.998,97.879.997,94.940.002,96.300.003,52161500,93.797.377,9.270.019.126,1.019.018.332,1.111.034.751,Decreasing
2016-01-22,98.629.997,101.459.999,98.370.003,101.419.998,65800500,98.784.315,9.266.732.003,1.015.659.998,1.104.646.796,Increasing
2016-01-25,101.519.997,101.529.999,99.209.999,99.440.002,51794500,96.855.775,9.278.428.426,1.011.579.999,1.095.317.155,Decreasing
2016-01-26,99.93,100.879.997,98.07,99.989.998,75077000,97.391.477,930.074.875,1.007.239.999,1.084.405.123,Increasing
2016-01-27,96.040.001,96.629.997,93.339.996,93.419.998,133369700,90.992.218,9.247.229.263,100.102.333,1.077.323.734,Decreasing
2016-01-28,93.790.001,94.519.997,92.389.999,94.089.996,55678800,91.644.804,9.224.359.807,9.936.849.958,1.064.934.011,Increasing
2016-01-29,94.790.001,97.339.996,94.349.998,97.339.996,64416500,94.810.344,9.269.136.942,9.879.899.947,1.049.066.295,Increasing
2016-02-01,96.470.001,96.709.999,95.400.002,96.43,40943500,93.923.996,9.300.925.856,983.228.328,103.636.407,Decreasing
2016-02-02,95.419.998,96.040.001,94.279.999,94.480.003,37357200,92.024.676,9.309.692.217,978.574.995,1.026.180.768,Decreasing
2016-02-03,95,96.839.996,94.080.002,96.349.998,45964300,93.846.074,9.343.812.017,9.746.249.942,1.014.868.787,Increasing
2016-02-04,95.860.001,97.330.002,95.190.002,96.599.998,46471700,94.600.127,9.352.459.175,9.723.216.607,1.009.397.404,Increasing
2016-02-05,96.519.997,96.919.998,93.690.002,94.019.997,46418100,92.073.538,9.325.330.457,9.709.249.945,1.009.316.943,Decreasing
2016-02-08,93.129.997,95.699.997,93.040.001,95.010.002,54021400,93.043.048,9.295.952.928,9.694.116.608,1.009.228.029,Increasing
2016-02-09,94.290.001,95.940.002,93.93,94.989.998,44331200,93.023.458,9.275.384.092,9.677.333.287,1.007.928.248,Increasing
2016-02-10,95.919.998,96.349.998,94.099.998,94.269.997,42343600,92.318.363,9.268.761.252,9.652.716.613,1.003.667.197,Decreasing
2016-02-11,93.790.001,94.720.001,92.589.996,93.699.997,50074700,91.760.163,9.237.451.682,9.627.933.263,1.001.841.484,Decreasing
2016-02-12,94.190.002,94.5,93.010.002,93.989.998,40351400,9.204.416,9.214.838.312,9.604.199.933,9.993.561.554,Decreasing
2016-02-16,95.019.997,96.849.998,94.610.001,96.639.999,49057900,946.393,9.212.630.689,9.600.699.935,9.988.769.181,Increasing
2016-02-17,96.669.998,98.209.999,96.150.002,98.120.003,44863200,96.088.664,9.212.003.295,9.603.483.265,9.994.963.235,Increasing
2016-02-18,98.839.996,98.889.999,96.089.996,96.260.002,39021000,9.426.717,9.214.094.415,9.608.216.592,1.000.233.877,Decreasing
2016-02-19,96,96.760.002,95.800.003,96.040.001,35374200,94.051.723,9.213.411.487,9.607.349.932,1.000.128.838,Increasing
2016-02-22,96.309.998,96.900.002,95.919.998,96.879.997,34280800,94.874.329,9.246.829.552,9.588.099.927,9.929.370.301,Increasing
2016-02-23,96.400.002,96.5,94.550.003,94.690.002,31942600,92.729.673,9.281.145.818,9.564.033.268,9.846.920.719,Decreasing
2016-02-24,93.980.003,96.379.997,93.32,96.099.998,36255700,94.110.479,9.326.994.412,9.542.133.268,9.757.272.125,Increasing
2016-02-25,96.050.003,96.760.002,95.25,96.760.002,27582700,94.756.818,9.337.738.398,9.551.099.957,9.764.461.515,Increasing
2016-02-26,97.199.997,98.019.997,96.580.002,96.910.004,28991100,94.903.715,9.361.258.879,9.568.616.642,9.775.974.404,Decreasing
2016-02-29,96.860.001,98.230.003,96.650.002,96.690.002,35216300,94.688.268,9.357.014.711,9.572.850.003,9.788.685.296,Decreasing
2016-03-01,97.650.002,100.769.997,97.419.998,100.529.999,50407100,98.448.766,9.316.702.846,9.589.816.658,986.293.047,Increasing
2016-03-02,100.510.002,100.889.999,99.639.999,100.75,33169600,98.664.213,9.284.527.706,9.617.283.317,9.950.038.927,Increasing
2016-03-03,100.580.002,101.709.999,100.449.997,101.5,36955700,99.398.686,9.246.676.796,9.644.599.983,1.004.252.317,Increasing
2016-03-04,102.370.003,103.75,101.370.003,103.010.002,46055100,100.877.427,9.193.797.669,9.676.283.322,1.015.876.897,Increasing
2016-03-07,102.389.999,102.830.002,100.959.999,101.870.003,35828900,99.761.029,9.188.580.523,9.711.333.333,1.023.408.614,Decreasing
2016-03-08,100.779.999,101.760.002,100.400.002,101.029.999,31561900,98.938.415,9.207.566.689,9.743.733.338,1.027.989.999,Increasing
2016-03-09,101.309.998,101.580.002,100.269.997,101.120.003,27201700,99.026.556,9.229.184.706,9.773.916.675,1.031.864.864,Decreasing
2016-03-10,101.410.004,102.239.998,100.150.002,101.169.998,33513600,99.075.516,9.257.125.624,9.805.316.683,1.035.350.774,Decreasing
2016-03-11,102.239.998,102.279.999,101.5,102.260.002,27408200,100.142.954,9.311.782.189,9.847.033.362,1.038.228.453,Increasing
2016-03-14,101.910.004,102.910.004,101.779.999,102.519.997,25076100,100.397.566,9.373.082.861,9.889.883.362,1.040.668.386,Increasing
2016-03-15,103.959.999,105.18,103.849.998,104.580.002,40067700,102.414.924,9.378.324.026,9.932.400.032,1.048.647.604,Increasing
2016-03-16,104.610.001,106.309.998,104.589.996,105.970.001,38303500,103.776.147,9.362.270.996,9.973.050.017,1.058.382.904,Increasing
2016-03-17,105.519.997,106.470.001,104.959.999,105.800.003,34420700,103.609.668,9.365.364.611,1.001.636.669,1.066.736.878,Increasing
2016-03-18,106.339.996,106.5,105.190.002,105.919.998,44205200,103.727.179,9.395.272.123,1.006.471.668,1.073.416.124,Decreasing
2016-03-21,105.93,107.650.002,105.139.999,105.910.004,35502700,103.717.391,9.429.002.414,1.011.305.003,1.079.709.765,Decreasing
2016-03-22,105.25,107.290.001,105.209.999,106.720.001,32444400,10.451.062,9.504.091.799,1.016.885.002,1.083.360.825,Increasing
2016-03-23,106.480.003,107.07,105.900.002,106.129.997,25703500,10.393.283,9.599.151.634,1.022.435.003,1.084.954.843,Decreasing
2016-03-24,105.470.001,106.25,104.889.999,105.669.998,26133000,103.482.354,9.693.996.148,1.027.108.335,1.084.817.056,Increasing
2016-03-28,106,106.190.002,105.059.998,105.190.002,19411400,103.012.296,9.783.427.383,1.031.263.335,1.084.183.932,Decreasing
2016-03-29,104.889.999,107.790.001,104.879.997,107.68,31190100,105.450.744,9.884.025.782,103.606,1.083.717.422,Increasing
2016-03-30,108.650.002,110.419.998,108.599.998,109.559.998,45601100,107.291.821,9.905.589.679,1.041.036.667,1.091.514.366,Increasing
2016-03-31,109.720.001,109.900.002,108.879.997,108.989.998,25888400,106.733.621,9.931.956.576,1.045.451.667,1.097.707.676,Decreasing
2016-04-01,108.779.999,110,108.199.997,109.989.998,25874000,107.712.919,9.955.637.228,104.954,1.103.516.277,Increasing
2016-04-04,110.419.998,112.190.002,110.269.997,111.120.003,37356200,10.881.953,9.944.575.835,1.053.781.666,1.113.105.749,Increasing
2016-04-05,109.510.002,110.730.003,109.419.998,109.809.998,26578700,107.536.645,9.975.432.671,1.057.831.665,1.118.120.063,Increasing
2016-04-06,110.230.003,110.980.003,109.199.997,110.959.999,26404100,108.662.839,1.003.118.524,1.062.489.998,1.121.861.471,Increasing
2016-04-07,109.949.997,110.419.998,108.120.003,108.540.001,31801900,106.292.941,1.011.177.046,1.066.508.331,1.121.839.617,Decreasing
2016-04-08,108.910.004,109.769.997,108.169.998,108.660.004,23581700,106.410.459,1.020.312.098,1.070.348.331,1.120.384.565,Decreasing
2016-04-11,108.970.001,110.610.001,108.830.002,109.019.997,29407500,106.762.999,1.028.657.093,1.074.084.998,1.119.512.903,Increasing
2016-04-12,109.339.996,110.5,108.660.004,110.440.002,27232300,108.153.607,1.037.470.523,1.077.816.666,1.118.162.808,Increasing
2016-04-13,110.800.003,112.339.996,110.800.003,112.040.001,33257300,109.720.482,104.046.322,1.081.411.666,1.122.360.111,Increasing
2016-04-14,111.620.003,112.389.999,111.330.002,112.099.998,25473900,109.779.237,1.042.158.825,108.457,1.126.981.174,Increasing
2016-04-15,112.110.001,112.300.003,109.730.003,109.849.998,46939000,107.575.818,1.045.517.928,1.087.011.666,1.128.505.405,Decreasing
2016-04-18,108.889.999,108.949.997,106.940.002,107.480.003,60834000,105.254.888,1.048.293.735,1.087.971.667,1.127.649.599,Decreasing
2016-04-19,107.879.997,108,106.230.003,106.910.004,32384900,104.696.689,1.049.603.381,1.088.378.334,1.127.153.287,Decreasing
2016-04-20,106.639.999,108.089.996,106.059.998,107.129.997,30611000,104.912.128,1.050.699.568,1.088.721.665,1.126.743.763,Increasing
2016-04-21,106.93,106.93,105.519.997,105.970.001,31552500,103.776.147,1.050.275.935,1.088.608.332,1.126.940.728,Decreasing
2016-04-22,105.010.002,106.480.003,104.620.003,105.68,33683100,103.492.149,1.050.253.925,1.088.603.333,1.126.952.742,Increasing
2016-04-25,105,105.650.002,104.510.002,105.080.002,28031600,102.904.573,1.049.316.223,1.088.403.334,1.127.490.445,Increasing
2016-04-26,103.910.004,105.300.003,103.910.004,104.349.998,56016200,102.189.682,1.044.711.595,1.087.271.669,1.129.831.742,Increasing
2016-04-27,96,98.709.999,95.68,97.82,114602100,95.794.871,1.016.277.845,1.081.210.003,114.614.216,Increasing
2016-04-28,97.610.001,97.879.997,94.25,94.830.002,82242700,92.866.774,9.900.626.536,1.074.408.336,1.158.754.019,Decreasing
2016-04-29,93.989.998,94.720.001,92.510.002,93.739.998,68531500,91.799.336,9.636.305.819,1.066.538.337,1.169.446.093,Decreasing
2016-05-02,93.970.001,94.080.002,92.400.002,93.639.999,48160100,91.701.408,9.419.229.108,1.057.628.338,1.173.333.764,Decreasing
2016-05-03,94.199.997,95.739.998,93.68,95.18,56831300,93.209.527,9.268.739.967,1.050.068.337,1.173.262.678,Increasing
2016-05-04,95.199.997,95.900.002,93.82,94.190.002,41025500,92.240.024,9.137.350.758,1.042.196.672,1.170.658.267,Decreasing
2016-05-05,94,94.07,92.68,93.239.998,35890500,91.865.625,8.995.687.082,1.034.348.338,1.169.127.967,Decreasing
2016-05-06,93.370.003,93.449.997,91.849.998,92.720.001,43458200,91.353.293,8.861.466.144,102.625.167,1.166.356.726,Decreasing
2016-05-09,93,93.769.997,92.589.996,92.790.001,32936400,91.422.261,875.726.146,1.018.033.336,1.160.340.526,Decreasing
2016-05-10,93.330.002,93.57,92.110.001,93.419.998,33686800,92.042.972,8.674.692.592,1.009.616.668,1.151.764.077,Increasing
2016-05-11,93.480.003,93.57,92.459.999,92.510.002,28719100,91.146.389,8.628.857.673,1.000.176.668,1.137.467.569,Decreasing
2016-05-12,92.720.001,92.779.999,89.470.001,90.339.996,76314700,8.900.837,8.583.456.763,9.896.383.345,1.120.930.993,Decreasing
2016-05-13,90,91.669.998,90,90.519.997,44392800,89.185.717,8.552.819.161,9.796.899.997,1.104.098.083,Increasing
2016-05-16,92.389.999,94.389.999,91.650.002,93.879.997,61259800,9.249.619,8.550.885.848,9.724.483.323,108.980.808,Increasing
2016-05-17,94.550.003,94.699.997,93.010.002,93.489.998,46916900,92.111.939,8.566.076.061,965.791.664,1.074.975.722,Decreasing
2016-05-18,94.160.004,95.209.999,93.889.999,94.559.998,42062400,93.166.167,8.613.634.549,9.595.216.648,1.057.679.875,Increasing
2016-05-19,94.639.999,94.639.999,93.57,94.199.997,30442100,92.811.473,8.670.270.139,9.535.199.978,1.040.012.982,Decreasing
2016-05-20,94.639.999,95.43,94.519.997,95.220.001,32026000,93.816.442,8.756.289.378,9.482.516.632,1.020.874.388,Increasing
2016-05-23,95.870.003,97.190.002,95.669.998,96.43,38018600,95.008.606,887.823.949,9.439.266.622,1.000.029.375,Increasing
2016-05-24,97.220.001,98.089.996,96.839.996,97.900.002,35140200,96.456.939,9.050.381.694,9.404.716.603,9.759.051.513,Increasing
2016-05-25,98.669.998,99.739.998,98.110.001,99.620.003,38168800,98.151.587,9.019.869.119,9.413.483.275,9.807.097.431,Increasing
2016-05-26,99.68,100.730.003,98.639.999,100.410.004,56331200,98.929.943,897.053.863,9.434.849.953,9.899.161.276,Increasing
2016-05-27,99.440.002,100.470.001,99.25,100.349.998,36229500,98.870.823,8.942.296.245,9.466.683.283,9.991.070.322,Increasing
2016-05-31,99.599.998,100.400.002,98.82,99.860.001,42307200,98.388.047,8.934.215.305,9.498.283.283,1.006.235.126,Increasing
2016-06-01,99.019.997,99.540.001,98.330.002,98.459.999,29173300,97.008.682,893.012.312,951.783.329,1.010.554.346,Decreasing
2016-06-02,97.599.998,97.839.996,96.629.997,97.720.001,40191600,96.279.592,8.936.741.119,9.531.633.273,1.012.652.543,Increasing
2016-06-03,97.790.001,98.269.997,97.449.997,97.919.998,28062900,96.476.641,8.956.821.435,9.554.383.263,1.015.194.509,Increasing
2016-06-06,97.989.998,101.889.999,97.550.003,98.629.997,23292500,97.176.174,8.983.474.445,9.587.799.935,1.019.212.542,Increasing
2016-06-07,99.25,99.870.003,98.959.999,99.029.999,22409500,9.757.028,9.011.889.761,961.898.328,102.260.768,Decreasing
2016-06-08,99.019.997,99.559.998,98.68,98.940.002,20848100,9.748.161,9.047.885.207,9.649.116.615,1.025.034.802,Decreasing
2016-06-09,98.5,99.989.998,98.459.999,99.650.002,26601400,98.181.144,9.092.479.459,9.681.716.612,1.027.095.376,Increasing
2016-06-10,98.529.999,99.349.998,98.480.003,98.830.002,31712900,97.373.231,9.194.166.329,972.183.329,1.024.950.025,Increasing
2016-06-13,98.690.002,99.120.003,97.099.998,97.339.996,38020500,95.905.188,9.321.597.105,975.744.996,1.019.330.281,Decreasing
2016-06-14,97.32,98.480.003,96.75,97.459.999,31931900,96.023.422,9.389.211.502,97.787.333,101.682.551,Increasing
2016-06-15,97.82,98.410.004,97.029.999,97.139.999,29445200,95.708.139,9.454.837.988,9.797.699.975,1.014.056.196,Decreasing
2016-06-16,96.449.997,97.75,96.07,97.550.003,31326800,961.121,9.502.478.017,9.810.549.987,1.011.862.196,Increasing
2016-06-17,96.620.003,96.650.002,95.300.003,95.330.002,61008200,93.924.821,9.546.372.275,9.818.666.672,1.009.096.107,Decreasing
2016-06-20,96,96.57,95.029.999,95.099.998,34411900,93.698.208,9.559.963.477,982.121.667,1.008.246.986,Decreasing
2016-06-21,94.940.002,96.349.998,94.68,95.910.004,35546400,94.496.274,9.543.432.872,9.817.300.007,1.009.116.714,Increasing
2016-06-22,96.25,96.889.999,95.349.998,95.550.003,29219100,9.414.158,9.518.815.333,9.808.900.017,100.989.847,Decreasing
2016-06-23,95.940.002,96.290.001,95.25,96.099.998,32240200,94.683.468,9.491.593.085,9.792.516.678,1.009.344.027,Increasing
2016-06-24,92.910.004,94.660.004,92.650.002,93.400.002,75311400,9.202.327,9.419.504.425,9.760.733.348,1.010.196.227,Increasing
2016-06-27,93,93.050.003,91.5,92.040.001,45489600,90.683.316,9.325.130.599,9.721.600.023,1.011.806.945,Decreasing
2016-06-28,92.900.002,93.660.004,92.139.999,93.589.996,40444900,92.210.464,9.271.654.232,968.878.335,1.010.591.247,Increasing
2016-06-29,93.970.001,94.550.003,93.629.997,94.400.002,36531000,9.300.853,9.242.450.487,9.665.866.683,1.008.928.288,Increasing
2016-06-30,94.440.002,95.769.997,94.300.003,95.599.998,35836400,94.190.838,9.228.572.979,9.655.000.023,1.008.142.707,Increasing
2016-07-01,95.489.998,96.470.001,95.330.002,95.889.999,26026500,94.476.565,9.222.280.147,9.645.083.373,100.678.866,Increasing
2016-07-05,95.389.999,95.400.002,94.459.999,94.989.998,27705200,93.589.829,9.217.540.513,962.305.004,1.002.855.957,Decreasing
2016-07-06,94.599.998,95.660.004,94.370.003,95.529.999,30949100,9.412.187,9.220.115.951,9.602.550.048,9.984.984.145,Increasing
2016-07-07,95.699.997,96.5,95.620.003,95.940.002,25139600,94.525.831,9.231.098.228,9.587.350.057,9.943.601.885,Increasing
2016-07-08,96.489.998,96.889.999,96.050.003,96.68,28912100,95.254.921,9.252.903.769,9.573.216.728,9.893.529.688,Increasing
2016-07-11,96.75,97.650.002,96.730.003,96.980.003,23794900,95.550.502,9.270.719.122,9.564.383.403,9.858.047.685,Increasing
2016-07-12,97.169.998,97.699.997,97.120.003,97.419.998,24167500,95.984.011,9.274.576.319,9.562.183.405,9.849.790.491,Increasing
2016-07-13,97.410.004,97.669.998,96.839.996,96.870.003,25892200,95.442.123,9.277.707.732,9.560.000.063,9.842.292.394,Decreasing
2016-07-14,97.389.999,98.989.998,97.32,98.790.001,38919000,9.733.382,9.268.390.678,9.564.200.058,9.860.009.438,Increasing
2016-07-15,98.919.998,99.300.003,98.5,98.779.999,30137000,97.323.965,9.251.132.029,957.288.339,9.894.634.751,Decreasing
2016-07-18,98.699.997,100.129.997,98.599.998,99.830.002,36493900,98.358.491,9.229.945.757,9.591.683.373,995.342.099,Increasing
2016-07-19,99.559.998,100,99.339.996,99.870.003,23779900,98.397.902,9.214.975.558,9.612.533.377,100.100.912,Increasing
2016-07-20,100,100.459.999,99.739.998,99.959.999,26276000,98.486.572,9.202.698.147,96.345.667,1.006.643.525,Decreasing
2016-07-21,99.830.002,101,99.129.997,99.43,32702000,97.964.385,9.196.763.349,9.654.183.362,1.011.160.337,Decreasing
2016-07-22,99.260.002,99.300.003,98.309.998,98.660.004,28313700,97.205.739,9.202.368.804,9.668.566.705,1.013.476.461,Decreasing
2016-07-25,98.25,98.839.996,96.919.998,97.339.996,40382900,95.905.188,9.243.932.723,9.689.216.675,1.013.450.063,Decreasing
2016-07-26,96.82,97.970.001,96.419.998,96.669.998,56239800,95.245.066,9.323.604.436,971.333.333,1.010.306.222,Decreasing
2016-07-27,104.269.997,104.349.998,102.75,102.949.997,92344800,101.432.497,9.332.363.582,9.764.433.323,1.019.650.306,Decreasing
2016-07-28,102.830.002,104.449.997,102.82,104.339.996,39869800,102.802.007,933.217.178,9.812.816.642,102.934.615,Increasing
2016-07-29,104.190.002,104.550.003,103.68,104.209.999,27733700,102.673.926,9.329.583.449,9.857.433.315,1.038.528.318,Increasing
2016-08-01,104.410.004,106.150.002,104.410.004,106.050.003,38167900,104.486.808,9.312.387.182,9.905.633.327,1.049.887.947,Increasing
2016-08-02,106.050.003,106.07,104,104.480.003,33816600,10.293.995,9.342.312.637,9.955.133.333,1.056.795.403,Decreasing
2016-08-03,104.809.998,105.839.996,104.769.997,105.790.001,30202600,104.230.638,9.376.562.625,1.000.653.331,10.636.504,Increasing
2016-08-04,105.580.002,106,105.279.999,105.870.003,27408700,104.874.527,9.408.018.745,1.005.501.664,1.070.201.454,Increasing
2016-08-05,106.269.997,107.650.002,106.18,107.480.003,40553400,106.469.389,9.428.736.079,1.010.783.331,1.078.693.055,Increasing
2016-08-08,107.519.997,108.370.003,107.160.004,108.370.003,28037200,10.735.102,9.445.847.658,1.016.206.665,1.087.828.564,Increasing
2016-08-09,108.230.003,108.940.002,108.010.002,108.809.998,26315200,107.786.878,9.468.178.482,1.021.793.332,1.096.768.816,Increasing
2016-08-10,108.709.999,108.900.002,107.760.002,108,24008500,106.984.496,9.517.260.758,102.734,1.102.953.925,Decreasing
2016-08-11,108.519.997,108.93,107.849.998,107.93,27484500,106.915.155,9.558.278.728,1.032.275,1.108.722.127,Decreasing
2016-08-12,107.779.999,108.440.002,107.779.999,108.18,18660400,107.162.804,9.603.740.181,1.036.911.667,1.113.449.315,Increasing
2016-08-15,108.139.999,109.540.001,108.080.002,109.480.003,25868200,108.450.584,9.642.712.379,1.041.668.335,1.119.065.431,Increasing
2016-08-16,109.629.997,110.230.003,109.209.999,109.379.997,33794400,108.351.518,9.685.507.774,1.046.603.335,1.124.655.892,Decreasing
2016-08-17,109.099.998,109.370.003,108.339.996,109.220.001,25356000,108.193.026,9.738.594.245,1.051.065.002,1.128.270.579,Increasing
2016-08-18,109.230.003,109.599.998,109.019.997,109.080.002,21984700,108.054.343,9.805.126.189,1.055.755.002,1.130.997.385,Decreasing
2016-08-19,108.769.997,109.690.002,108.360.001,109.360.001,25368100,108.331.709,9.911.067.546,1.060.945.002,1.130.783.249,Increasing
2016-08-22,108.860.001,109.099.998,107.849.998,108.510.002,25820200,107.489.703,100.746.454,1.066.338.337,1.125.212.133,Decreasing
2016-08-23,108.589.996,109.32,108.529.999,108.849.998,21257700,107.826.502,1.032.539.397,1.072.278.337,1.112.017.276,Increasing
2016-08-24,108.57,108.75,107.68,108.029.999,23675100,107.014.213,1.039.008.025,1.074.680.004,1.110.351.983,Decreasing
2016-08-25,107.389.999,107.879.997,106.68,107.57,25086200,106.558.539,1.044.787.679,1.076.433.338,1.108.078.997,Increasing
2016-08-26,107.410.004,107.949.997,106.309.998,106.940.002,27766300,105.934.466,1.050.415.368,1.077.893.337,1.105.371.306,Decreasing
2016-08-29,106.620.003,107.440.002,106.290.001,106.82,24970300,105.815.591,1.052.675.866,1.078.550.003,1.104.424.139,Increasing
2016-08-30,105.800.003,106.5,105.5,106,24863900,105.003.302,1.055.537.536,1.079.125.002,1.102.712.468,Increasing
2016-08-31,105.660.004,106.57,105.639.999,106.099.998,29662400,10.510.236,1.057.042.829,1.079.443.336,1.101.843.843,Increasing
2016-09-01,106.139.999,106.800.003,105.620.003,106.730.003,26701500,105.726.441,1.058.544.087,1.079.776.671,1.101.009.254,Increasing
2016-09-02,107.699.997,108,106.82,107.730.003,26802500,106.717.038,1.059.016.386,1.079.983.337,1.100.950.288,Increasing
2016-09-06,107.900.002,108.300.003,107.510.002,107.699.997,26880400,106.687.314,1.058.939.804,1.079.918.336,1.100.896.867,Decreasing
2016-09-07,107.830.002,108.760.002,107.07,108.360.001,42364300,107.341.112,1.058.851.607,1.079.656.669,1.100.461.731,Increasing
2016-09-08,107.25,107.269.997,105.239.998,105.519.997,53002000,104.527.812,1.056.120.313,1.078.551.667,1.100.983.021,Decreasing
2016-09-09,104.639.999,105.720.001,103.129.997,103.129.997,46557000,102.160.285,1.048.492.134,107.643,1.104.367.865,Decreasing
2016-09-12,102.650.002,105.720.001,102.529.999,105.440.002,45292800,10.444.857,1.043.779.846,1.074.645,1.105.510.154,Increasing
2016-09-13,107.510.002,108.790.001,107.239.998,107.949.997,62176200,106.934.963,1.043.992.881,1.074.124.998,1.104.257.116,Increasing
2016-09-14,108.730.003,113.029.999,108.599.998,111.769.997,110888700,110.719.044,1.041.930.506,1.074.888.331,1.107.846.156,Increasing
2016-09-15,113.860.001,115.730.003,113.489.998,115.57,89983600,114.483.317,1.031.887.585,1.077.864.998,112.384.241,Increasing
2016-09-16,115.120.003,116.129.997,114.040.001,114.919.998,79886900,113.839.427,1.025.195.173,1.080.763.331,1.136.331.489,Decreasing
2016-09-19,115.190.002,116.18,113.25,113.580.002,47023000,11.251.203,1.021.539.956,1.083.363.331,1.145.186.705,Decreasing
2016-09-20,113.050.003,114.120.003,112.510.002,113.57,34514300,112.502.122,102.016.673,1.085.819.998,1.151.473.266,Increasing
2016-09-21,113.849.998,113.989.998,112.440.002,113.550.003,36003200,112.482.314,1.019.193.147,1.088.033.333,1.156.873.518,Decreasing
2016-09-22,114.349.998,114.940.002,114,114.620.003,31074000,113.542.252,1.018.116.786,1.091.216.667,1.164.316.548,Increasing
2016-09-23,114.419.998,114.790.001,111.550.003,112.709.999,52481200,111.650.208,1.019.509.471,1.094.036.668,1.168.563.865,Decreasing
2016-09-26,111.639.999,113.389.999,111.550.003,112.879.997,29869400,111.818.608,1.021.842.916,1.096.806.668,1.171.770.421,Increasing
2016-09-27,113,113.18,112.339.996,113.089.996,24607400,112.026.632,1.024.806.621,1.099.816.667,1.174.826.712,Increasing
2016-09-28,113.690.002,114.639.999,113.43,113.949.997,29641100,112.878.547,1.029.191.994,1.103.819.999,1.178.448.005,Increasing
2016-09-29,113.160.004,113.800.003,111.800.003,112.18,35887000,111.125.193,103.454.687,1.107.065.001,1.179.583.131,Decreasing
2016-09-30,112.459.999,113.370.003,111.800.003,113.050.003,36379100,111.987.015,1.040.048.036,1.110.243.334,1.180.438.632,Increasing
2016-10-03,112.709.999,113.050.003,112.279.999,112.519.997,21701800,111.461.992,1.044.192.999,1.112.793.333,1.181.393.668,Decreasing
2016-10-04,113.059.998,114.309.998,112.629.997,113,29736800,111.937.482,1.048.287.959,1.115.531.666,1.182.775.372,Decreasing
2016-10-05,113.400.002,113.660.004,112.690.002,113.050.003,21453100,111.987.015,1.052.474.203,1.118.066.667,118.365.913,Decreasing
2016-10-06,113.699.997,114.339.996,113.129.997,113.889.999,28779300,112.819.113,1.061.554.048,1.121.955,1.182.355.952,Increasing
2016-10-07,114.309.998,114.559.998,113.510.002,114.059.998,24358400,112.987.513,1.079.334.949,112.698,1.174.625.052,Decreasing
2016-10-10,115.019.997,116.75,114.720.001,116.050.003,36236000,114.958.807,1.100.729.851,1.132.618.334,1.164.506.817,Increasing
2016-10-11,117.699.997,118.690.002,116.199.997,116.300.003,64041000,115.206.456,1.111.298.038,1.137.153.335,1.163.008.632,Decreasing
2016-10-12,117.349.998,117.980.003,116.75,117.339.996,37586800,11.623.667,1.112.667.577,1.140.265.003,1.167.862.428,Decreasing
2016-10-13,116.790.001,117.440.002,115.720.001,116.980.003,35192400,115.880.062,1.111.382.638,114.115.667,1.170.930.702,Increasing
2016-10-14,117.879.997,118.169.998,117.129.997,117.629.997,35652200,116.523.945,1.109.119.196,1.142.463.336,1.175.807.476,Decreasing
2016-10-17,117.330.002,117.839.996,116.779.999,117.550.003,23624900,116.444.703,1.107.934.513,1.143.990.002,1.180.045.491,Increasing
2016-10-18,118.18,118.209.999,117.449.997,117.470.001,24553500,116.365.453,1.107.664.921,1.146.145.001,118.462.508,Decreasing
2016-10-19,117.25,117.760.002,113.800.003,117.120.003,20034600,116.018.745,1.108.980.004,1.147.595.002,1.186.209.999,Decreasing
2016-10-20,116.860.001,117.379.997,116.330.002,117.059.998,24125800,115.959.304,1.109.074.654,1.148.796.667,1.188.518.679,Increasing
2016-10-21,116.809.998,116.910.004,116.279.999,116.599.998,23192700,115.503.631,1.111.158.651,1.150.586.667,1.190.014.682,Decreasing
2016-10-24,117.099.998,117.739.998,117,117.650.002,23538700,116.543.761,1.113.946.042,1.153.015,1.192.083.958,Increasing
2016-10-25,117.949.997,118.360.001,117.309.998,118.25,48129000,117.138.118,1.116.517.095,1.155.566.668,1.194.616.241,Increasing
2016-10-26,114.309.998,115.699.997,113.309.998,115.589.996,66134200,114.503.125,1.117.453.165,1.155.996.667,1.194.540.169,Increasing
2016-10-27,115.389.999,115.860.001,114.099.998,114.480.003,34562000,113.403.569,1.120.881.275,1.157.106.666,1.193.332.058,Decreasing
2016-10-28,113.870.003,115.209.999,113.449.997,113.720.001,37861700,112.650.713,1.123.390.108,1.157.799.998,1.192.209.887,Decreasing
2016-10-31,113.650.002,114.230.003,113.199.997,113.540.001,26419400,112.472.406,1.125.563.378,1.158.319.998,1.191.076.618,Decreasing
2016-11-01,113.459.999,113.769.997,110.529.999,111.489.998,43825800,110.441.678,1.122.291.083,1.157.628.331,119.296.558,Decreasing
2016-11-02,111.400.002,112.349.998,111.230.003,111.589.996,28331700,110.540.737,1.119.044.585,1.156.923.329,1.194.802.074,Increasing
2016-11-03,110.980.003,111.459.999,109.550.003,109.830.002,26932600,10.935.588,1.111.172.978,1.155.169.998,1.199.167.018,Decreasing
2016-11-04,108.529.999,110.25,108.110.001,108.839.996,30837000,108.370.149,1.100.723.288,1.152.681.664,1.204.640.041,Increasing
2016-11-07,110.080.002,110.510.002,109.459.999,110.410.004,32560000,109.933.378,1.093.352.076,1.149.824.998,1.206.297.919,Increasing
2016-11-08,110.309.998,111.720.001,109.699.997,111.059.998,24054500,110.580.566,1.088.319.023,1.146.706.664,1.205.094.304,Increasing
2016-11-09,109.879.997,111.32,108.050.003,110.879.997,59176400,110.401.343,1.082.797.318,1.143.069.997,1.203.342.676,Increasing
2016-11-10,111.089.996,111.089.996,105.830.002,107.790.001,57134500,107.324.686,1.074.162.413,1.138.831.663,1.203.500.912,Decreasing
2016-11-11,107.120.003,108.870.003,106.550.003,108.43,34143900,107.961.922,1.066.832.759,1.133.984.998,1.201.137.237,Increasing
2016-11-14,107.709.999,107.809.998,104.080.002,105.709.999,51175500,105.253.663,1.056.163.877,1.128.223.332,1.200.282.786,Decreasing
2016-11-15,106.57,107.68,106.160.004,107.110.001,32264500,106.647.621,1.050.185.409,112.286,119.553.459,Increasing
2016-11-16,106.699.997,110.230.003,106.599.998,109.989.998,58840500,109.515.186,1.047.510.059,1.119.216.665,1.190.923.271,Increasing
2016-11-17,109.809.998,110.349.998,108.830.002,109.949.997,27632000,109.475.358,1.047.146.129,1.115.609.998,1.184.073.868,Increasing
2016-11-18,109.720.001,110.540.001,109.660.004,110.059.998,28428900,109.584.883,1.047.692.524,1.112.354.999,1.177.017.473,Increasing
2016-11-21,110.120.003,111.989.998,110.010.002,111.730.003,29264600,11.124.768,1.051.220.606,1.109.244.999,1.167.269.392,Increasing
2016-11-22,111.949.997,112.419.998,111.400.002,111.800.003,25965500,111.317.377,1.057.677.941,1.106.195,1.154.712.059,Decreasing
2016-11-23,111.360.001,111.510.002,110.330.002,111.230.003,27426400,110.749.838,1.059.757.861,1.104.273.336,1.148.788.811,Decreasing
2016-11-25,111.129.997,111.870.003,110.949.997,111.790.001,11475900,111.307.418,1.062.500.685,1.102.635.002,1.142.769.319,Increasing
2016-11-28,111.43,112.470.001,111.389.999,111.57,27194000,111.088.367,1.064.669.758,1.101.476.669,1.138.283.581,Increasing
2016-11-29,110.779.999,112.029.999,110.07,111.459.999,28528800,110.978.841,1.066.715.909,1.100.241.669,1.133.767.429,Increasing
2016-11-30,111.599.998,112.199.997,110.269.997,110.519.997,36162300,110.042.897,1.067.073.677,1.099.775.002,1.132.476.326,Decreasing
2016-12-01,110.370.003,110.940.002,109.029.999,109.489.998,37086900,109.017.344,1.067.117.004,1.098.823.335,1.130.529.667,Decreasing
2016-12-02,109.169.998,110.089.996,108.849.998,109.900.002,26528000,109.425.578,106.681.775,1.098.490.001,1.130.162.251,Increasing
2016-12-05,110,110.029.999,108.25,109.110.001,34324500,108.638.987,1.066.879.517,1.098.521.668,1.130.163.819,Decreasing
2016-12-06,109.5,110.360.001,109.190.002,109.949.997,26195500,109.475.358,106.675.792,1.098.375,1.129.992.081,Increasing
2016-12-07,109.260.002,111.190.002,109.160.004,111.029.999,29998700,110.550.697,1.066.764.188,1.098.191.669,1.129.619.149,Increasing
2016-12-08,110.860.001,112.43,110.599.998,112.120.003,27068300,111.635.996,1.066.517.826,1.099.008.335,1.131.498.845,Increasing
2016-12-09,112.309.998,114.699.997,112.309.998,113.949.997,34402600,11.345.809,1.066.325.587,1.101.716.668,1.137.107.748,Increasing
2016-12-12,113.290.001,115,112.489.998,113.300.003,26374400,112.810.902,1.067.708.758,110.454,1.141.371.242,Increasing
2016-12-13,113.839.996,115.919.998,113.75,115.190.002,43733800,114.692.743,1.073.615.315,1.109.083.334,1.144.551.352,Increasing
2016-12-14,115.040.001,116.199.997,114.980.003,115.190.002,34031800,114.692.743,1.077.378.136,111.332,1.149.261.863,Increasing
2016-12-15,115.379.997,116.730.003,115.230.003,115.82,46524500,11.532.002,1.077.433.259,1.116.813.334,1.156.193.409,Increasing
2016-12-16,116.470.001,116.5,115.650.002,115.970.001,44351100,115.469.374,1.077.399.492,1.119.978.335,1.162.557.178,Decreasing
2016-12-19,115.800.003,117.379.997,115.75,116.639.999,27779400,11.613.648,1.077.193.352,1.123.230.001,116.926.665,Increasing
2016-12-20,116.739.998,117.5,116.68,116.949.997,21425000,116.445.139,1.076.049.562,112.613,1.176.210.437,Increasing
2016-12-21,116.800.003,117.400.002,116.779.999,117.059.998,23783200,116.554.665,1.075.169.534,1.128.733.332,1.182.297.131,Increasing
2016-12-22,116.349.998,116.510.002,115.639.999,116.290.001,26085900,115.787.993,1.076.626.209,1.131.294.998,1.185.963.787,Decreasing
2016-12-23,115.589.996,116.519.997,115.589.996,116.519.997,14249500,116.016.995,107.790.121,1.133.631.663,1.189.362.116,Increasing
2016-12-27,116.519.997,117.800.003,116.489.998,117.260.002,18296900,116.753.806,1.078.693.355,113.631.833,1.193.943.306,Increasing
2016-12-28,117.519.997,118.019.997,116.199.997,116.760.002,20905900,116.255.965,1.080.969.306,1.139.221.663,119.747.402,Decreasing
2016-12-29,116.449.997,117.110.001,116.400.002,116.730.003,15039500,116.226.096,1.084.229.062,1.142.096.666,1.199.964.269,Increasing
2016-12-30,116.650.002,117.199.997,115.43,115.82,30586300,11.532.002,109.050.306,1.145.261.665,1.200.020.271,Decreasing
2017-01-03,115.800.003,116.330.002,114.760.002,116.150.002,28781900,115.648.597,109.824.879,1.148.328.334,1.198.407.878,Increasing
2017-01-04,115.849.998,116.510.002,115.75,116.019.997,21118100,115.519.154,1.108.905.411,115.181,1.194.714.589,Increasing
2017-01-05,115.919.998,116.860.001,115.809.998,116.610.001,22193600,116.106.611,1.119.660.727,1.155.106.667,1.190.552.606,Increasing
2017-01-06,116.779.999,118.160.004,116.470.001,117.910.004,31751900,117.401.002,1.130.764.095,1.158.633.334,1.186.502.573,Increasing
2017-01-09,117.949.997,119.43,117.940.002,118.989.998,33387600,118.476.334,113.863.686,1.162.168.334,1.185.699.808,Increasing
2017-01-10,118.769.997,119.379.997,118.300.003,119.110.001,24462100,118.595.819,1.141.532.615,1.164.806.669,1.188.080.723,Increasing
2017-01-11,118.739.998,119.93,118.599.998,119.75,27588600,119.233.055,1.145.029.779,1.167.721.668,1.190.413.557,Increasing
2017-01-12,118.900.002,119.300.003,118.209.999,119.25,27086200,118.735.214,1.146.785.838,1.169.705.002,1.192.624.166,Increasing
2017-01-13,119.110.001,119.620.003,118.809.998,119.040.001,26111900,118.526.121,1.147.862.159,1.171.555.002,1.195.247.845,Decreasing
2017-01-17,118.339.996,120.239.998,118.220.001,120,34439800,119.481.976,114.829.177,1.173.335.001,1.198.378.231,Increasing
2017-01-18,120,120.5,119.709.999,119.989.998,23713000,119.472.017,1.148.387.427,1.175.348.333,1.202.309.239,Decreasing
2017-01-19,119.400.002,120.089.996,119.370.003,119.779.999,25597300,119.262.925,1.148.696.971,1.176.926.667,1.205.156.363,Increasing
2017-01-20,120.449.997,120.449.997,119.730.003,120,32597900,119.481.976,1.148.577.538,1.178.435.001,1.208.292.463,Decreasing
2017-01-23,120,120.809.998,119.769.997,120.080.002,22050200,119.561.633,1.148.653.688,1.180.005,1.211.356.312,Increasing
2017-01-24,119.550.003,120.099.998,119.5,119.970.001,23211000,119.452.107,1.150.726.195,118.186,1.212.993.805,Increasing
2017-01-25,120.419.998,122.099.998,120.279.999,121.879.997,32377600,121.353.858,1.151.704.463,1.184.465.001,1.217.225.538,Increasing
2017-01-26,121.669.998,122.440.002,121.599.998,121.940.002,26337600,121.413.604,1.151.235.669,118.687,1.222.504.332,Increasing
2017-01-27,122.139.999,122.349.998,121.599.998,121.949.997,20562900,121.423.555,1.151.902.357,1.189.356.667,1.226.810.976,Decreasing
2017-01-30,120.93,121.629.997,120.660.004,121.629.997,30377500,121.104.937,11.542.384,1.191.636.665,122.903.493,Increasing
2017-01-31,121.150.002,121.389.999,120.620.003,121.349.998,49201000,120.826.147,1.158.501.022,1.194.121.666,122.974.231,Increasing
2017-02-01,127.029.999,130.490.005,127.010.002,128.75,111985000,128.194.203,1.149.879.568,1.200.623.333,1.251.367.097,Increasing
2017-02-02,127.980.003,129.389.999,127.779.999,128.529.999,33710400,127.975.152,1.147.271.747,1.206.859.999,1.266.448.251,Increasing
2017-02-03,128.309.998,129.190.002,128.160.004,129.080.002,24507300,128.522.781,1.147.062.556,1.213.051.667,1.279.040.778,Increasing
2017-02-06,129.130.005,130.5,128.899.994,130.289.993,26845900,129.727.549,1.145.827.171,121.924.333,1.292.659.489,Increasing
2017-02-07,130.539.993,132.089.996,130.449.997,131.529.999,38183800,130.962.201,1.142.978.913,1.225.528.329,1.308.077.744,Increasing
2017-02-08,131.350.006,132.220.001,131.220.001,132.039.993,23004100,131.469.994,1.141.945.206,1.231.976.661,1.322.008.116,Increasing
2017-02-09,131.649.994,132.449.997,131.119.995,132.419.998,28349900,132.419.998,1.142.284.077,123.826.166,1.334.239.242,Increasing
2017-02-10,132.460.007,132.940.002,132.050.003,132.119.995,20065500,132.119.995,1.144.940.037,1.244.986.659,1.345.033.282,Decreasing
2017-02-13,133.080.002,133.820.007,132.75,133.289.993,23035400,133.289.993,1.148.207.978,1.252.051.659,1.355.895.339,Increasing
2017-02-14,133.470.001,135.089.996,133.25,135.020.004,32815500,135.020.004,1.151.757.183,1.259.534.992,1.367.312.801,Increasing
2017-02-15,135.520.004,136.270.004,134.619.995,135.509.995,35501600,135.509.995,1.155.450.349,1.267.234.992,1.379.019.634,Decreasing
2017-02-16,135.669.998,135.899.994,134.839.996,135.350.006,22118000,135.350.006,1.162.032.988,1.275.043.325,1.388.053.662,Decreasing